{
  "last_version": "1.10.2",
  "seen_versions": 1,
  "server_starts": 16,
  "prints_started": 32,
  "prints_cancelled": 0,
  "prints_errored": 0,
  "prints_finished": 9,
  "prints_started_per_weekday": {
    "4": 5,
    "6": 3,
    "0": 14,
    "1": 7,
    "2": 3
  },
  "print_duration_total": 99658.03962117202,
  "print_duration_cancelled": 0.0,
  "print_duration_errored": 0.0,
  "print_duration_finished": 46219.676712321016,
  "longest_print_duration": 14000.877524136013,
  "longest_print_date": 1664994979,
  "files_uploaded": 30,
  "files_deleted": 3,
  "plugins_installed": 0,
  "plugins_uninstalled": 0,
  "most_plugins": 20,
  "achievements": 9
}