{
  "last_version": "1.10.2",
  "seen_versions": 1,
  "server_starts": 22,
  "prints_started": 77,
  "prints_cancelled": 0,
  "prints_errored": 0,
  "prints_finished": 41,
  "prints_started_per_weekday": {
    "0": 10,
    "4": 43,
    "1": 5,
    "5": 10,
    "6": 8,
    "3": 1
  },
  "print_duration_total": 234246.80480453093,
  "print_duration_cancelled": 0.0,
  "print_duration_errored": 0.0,
  "print_duration_finished": 212027.893417241,
  "longest_print_duration": 25710.948336080997,
  "longest_print_date": 1730035475,
  "files_uploaded": 81,
  "files_deleted": 0,
  "plugins_installed": 14,
  "plugins_uninstalled": 1,
  "most_plugins": 33,
  "achievements": 7
}