{
  "stats": {
    "last_version": "1.10.2",
    "seen_versions": 1,
    "server_starts": 38,
    "prints_started": 109,
    "prints_cancelled": 0,
    "prints_errored": 0,
    "prints_finished": 50,
    "prints_started_per_weekday": {
      "4": 48,
      "6": 11,
      "0": 24,
      "1": 12,
      "2": 3,
      "5": 10,
      "3": 1
    },
    "print_duration_total": 333904.844425703,
    "print_duration_cancelled": 0.0,
    "print_duration_errored": 0.0,
    "print_duration_finished": 258247.57012956205,
    "longest_print_duration": 25710.948336080997,
    "longest_print_date": 1730035475,
    "files_uploaded": 111,
    "files_deleted": 3,
    "plugins_installed": 14,
    "plugins_uninstalled": 1,
    "most_plugins": 33,
    "created": 1663806250,
    "created_version": "1.10.2"
  },
  "achievements": {
    "the_wizard": 1663806250,
    "all_beginnings_are_hard": 1663896936,
    "one_small_step_for_man": 1664751405,
    "night_owl": 1664758688,
    "one_of_those_days": 1664825312,
    "adventurer": 1728227447,
    "better_safe_than_sorry": 1728234437,
    "the_manufacturer_i": 1728334217,
    "tgif": 1728642336,
    "sprint": 1729496632,
    "early_bird": 1729749473,
    "the_collector_i": 1729847898
  },
  "state": {
    "date_last_print": "2024-10-27",
    "prints_today": 1,
    "date_last_cancelled_print": "2024-10-25",
    "prints_cancelled_today": 7,
    "consecutive_prints_cancelled_today": 0,
    "file_last_print": "local:DSCF5723.JPGW150H100T2V4B2.5A0C0NS_7h31m_0.10mm_200C_PLA_ENDER3PRO.gcode:1730009764",
    "consecutive_prints_of_same_file": 1,
    "date_last_weekend_print": "2024-10-27",
    "consecutive_weekend_prints": 1
  }
}