[{"key": "wifistatus", "name": "WiFi Status", "url": "https://github.com/ManuelMcLure/OctoPrint-WiFiStatus"}, {"key": "touchui", "name": "TouchUI", "url": "https://github.com/BillyBlaze/OctoPrint-TouchUI"}, {"key": "themeify", "name": "Themeify", "url": "https://github.com/birkbjo/OctoPrint-Themeify"}, {"key": "prusaslicerthumbnails", "name": "Slicer Thumbnails", "url": "https://github.com/jneilliii/OctoPrint-PrusaSlicerThumbnails"}, {"key": "tabinfo", "name": "Tabinfo Plugin", "url": "https://github.com/dakhnod/OctoPrint-TabInfo"}, {"key": "PrintTimeGenius", "name": "PrintTimeGenius Plugin", "url": "https://github.com/eyal0/OctoPrint-PrintTimeGenius"}, {"key": "prettygcode", "name": "PrettyGCode", "url": "https://github.com/Kragrathea/OctoPrint-PrettyGCode"}, {"key": "firmwareupdater", "name": "Firmware Updater", "url": "https://github.com/OctoPrint/OctoPrint-FirmwareUpdater"}, {"key": "excluderegion", "name": "Exclude Region", "url": "https://github.com/bradcfisher/OctoPrint-ExcludeRegionPlugin"}, {"key": "camerasettings", "name": "Camera Settings", "url": "https://github.com/The-EG/OctoPrint-CameraSettings"}, {"key": "octolapse", "name": "Octolapse", "url": "https://github.com/FormerLurker/Octolapse"}, {"key": "octoeverywhere", "name": "OctoEverywhere!", "url": "http://www.OctoEverywhere.com"}, {"key": "navbarclock", "name": "Navbar Clock", "url": "https://github.com/ManuelMcLure/OctoPrint-NavbarClock"}]